{
  "books": [
    {
      "title": "The Name of the Wind",
      "author": "Patrick Rothfuss",
      "coverimage": "https://picsum.photos/id/237/200/300",
      "description": "also called The Kingkiller Chronicle: Day One, is a fantasy novel written by American author Patrick Rothfuss. It is the first book in a series called The Kingkiller Chronicle and followed by The Wise Man's Fear.",
      "id": 1
    },
    {
      "title": "tada",
      "author": "hhg",
      "description": "bbb",
      "coverimage": "https://picsum.photos/200/300?grayscale",
      "id": 3
    },
    {
      "title": "KICKUU",
      "author": "CHECKUU",
      "description": "AAA",
      "coverimage": "https://picsum.photos/200/300?grayscale",
      "id": 4
    },
    {
      "title": "KICKUU",
      "author": "CHECKUU",
      "description": "AAA",
      "coverimage": "https://picsum.photos/200/300?grayscale",
      "id": 5
    },
    {
      "title": "KICKUU",
      "author": "CHECKUU",
      "description": "AAA",
      "coverimage": "https://picsum.photos/200/300?grayscale",
      "id": 6
    },
    {
      "title": "KICKUU",
      "author": "CHECKUU",
      "description": "AAA",
      "coverimage": "https://picsum.photos/200/300?grayscale",
      "id": 7
    },
    {
      "title": "KICKUU",
      "author": "CHECKUU",
      "description": "AAA",
      "coverimage": "https://picsum.photos/200/300?grayscale",
      "id": 8
    },
    {
      "title": "KICKUU",
      "author": "CHECKUU",
      "description": "AAA",
      "coverimage": "https://picsum.photos/200/300?grayscale",
      "id": 9
    },
    {
      "title": "KICKUU",
      "author": "CHECKUU",
      "description": "AAA",
      "coverimage": "https://picsum.photos/200/300?grayscale",
      "id": 10
    },
    {
      "title": "lalala",
      "author": "akak",
      "description": "aaa",
      "coverimage": "https://picsum.photos/200/300?grayscale",
      "id": 11
    },
    {
      "title": "lalala",
      "author": "akak",
      "description": "aaa",
      "coverimage": "https://picsum.photos/200/300?grayscale",
      "id": 12
    },
    {
      "title": "pmpara",
      "author": "sarapatta",
      "description": "parampara",
      "coverimage": "https://picsum.photos/200/300?grayscale",
      "id": 13
    },
    {
      "title": "pmpara",
      "author": "sarapatta",
      "description": "parampara",
      "coverimage": "https://picsum.photos/200/300?grayscale",
      "id": 14
    },
    {
      "title": "KING",
      "author": "KONMG",
      "description": "ALAL",
      "coverimage": "https://picsum.photos/200/300?grayscale",
      "id": 15
    },
    {
      "title": "KING",
      "author": "PING",
      "description": "ALAL",
      "coverimage": "https://picsum.photos/200/300?grayscale",
      "id": 16
    },
    {
      "id": 17
    },
    {
      "id": 18
    },
    {
      "id": 19
    },
    {
      "id": 20
    },
    {
      "id": 21
    },
    {
      "id": 22
    },
    {
      "id": 23
    },
    {
      "id": 24
    },
    {
      "id": 25
    },
    {
      "id": 26
    },
    {
      "id": 27
    },
    {
      "id": 28
    },
    {
      "id": 29
    },
    {
      "id": 30
    },
    {
      "id": 31
    },
    {
      "id": 32
    },
    {
      "id": 33
    },
    {
      "id": 34
    },
    {
      "id": 35
    },
    {
      "id": 36
    },
    {
      "id": 37
    },
    {
      "id": 38
    },
    {
      "id": 39
    },
    {
      "id": 40
    },
    {
      "id": 41
    },
    {
      "title": "wer",
      "body": "w",
      "id": 42
    },
    {
      "title": "im last post",
      "body": "",
      "id": 43
    }
  ],
  "animals": [
    {
      "hobby": "z",
      "image": "z",
      "name": "nnn",
      "species": "zzz",
      "ferociousness": "z",
      "id": 1
    },
    {
      "hobby": "",
      "image": "",
      "name": "",
      "species": "nna",
      "ferociousness": "",
      "id": 2
    },
    {
      "hobby": "",
      "image": "",
      "name": "",
      "species": "",
      "ferociousness": "",
      "id": 3
    },
    {
      "hobby": "",
      "image": "",
      "name": "",
      "species": "",
      "ferociousness": "",
      "id": 4
    }
  ],
  "posts": [
    {
      "title": "ETERNALS",
      "body": "MARVEL",
      "id": 1
    },
    {
      "title": "NO WAY HOME",
      "body": "MARVEL PHASE-4",
      "id": 2
    },
    {
      "title": "STAR WARS",
      "body": "DISNEY",
      "id": 3
    },
    {
      "title": "TIK TIK BOOM b",
      "body": "ANDREW garfield.",
      "id": 4
    }
  ]
}