 {"products":[
    {
        "_id":"1",
        "name": "Nike shoes",
        "img":"/Images/img1.png",
        "description":"comfortable while jogging",
        "brand":"nike",
        "category":"casuals",
        "price":200,
        "countInStock":1,
        "rating":4.3,
        "numReviews":2

    },
   { "_id":"2",
    "name": "jej shoes",
    "img":"/Images/img1.png",
    "description":"comfortable while jogging",
    "brand":"nike",
    "category":"casuals",
    "price":2000,
    "countInStock":1,
    "rating":4.3,
    "numReviews":2
},
{
    "_id":"3",
    "name": "adidas shoes",
    "img":"/Images/img1.png",
    "description":"comfortable while jogging",
    "brand":"nike",
    "category":"casuals",
    "price":2000,
    "countInStock":1,
    "rating":4.3,
    "numReviews":2

},
{
    "_id":"4",
    "name": "adidas1q shoes",
    "img":"/Images/img1.png",
    "description":"comfortable while jogging",
    "brand":"nike",
    "category":"casuals",
    "price":2000,
    "countInStock":1,
    "rating":4.3,
    "numReviews":2

},
{
    "_id":"5",
    "name": "Nike shoes",
    "img":"/Images/img1.png",
    "description":"comfortable while jogging",
    "brand":"nike",
    "category":"casuals",
    "price":200,
    "countInStock":1,
    "rating":4.3,
    "numReviews":2

},
{ "_id":"6",
"name": "jej shoes",
"img":"/Images/img1.png",
"description":"comfortable while jogging",
"brand":"nike",
"category":"casuals",
"price":2000,
"countInStock":1,
"rating":4.3,
"numReviews":2
},
{
"_id":"7",
"name": "adidas shoes",
"img":"/Images/img1.png",
"description":"comfortable while jogging",
"brand":"nike",
"category":"casuals",
"price":2000,
"countInStock":1,
"rating":4.3,
"numReviews":2

},
{
"_id":"8",
"name": "adidas1q shoes",
"img":"/Images/product1.png",
"description":"comfortable while jogging",
"brand":"nike",
"category":"casuals",
"price":2000,
"countInStock":1,
"rating":4.3,
"numReviews":2

}

]
 }
