[{
  "_id": {
    "$oid": "620a45ff0b17630fdcae7904"
  },
  "id": 1,
  "employee_name": "Kayne",
  "employee_salary": 320800,
  "employee_age": 61
},{
  "_id": {
    "$oid": "620a463a0b17630fdcae7905"
  },
  "id": 2,
  "employee_name": "Richy",
  "employee_salary": 170750,
  "employee_age": 63
},{
  "_id": {
    "$oid": "620a46440b17630fdcae7906"
  },
  "id": 3,
  "employee_name": "Dita",
  "employee_salary": 86000,
  "employee_age": 66
},{
  "_id": {
    "$oid": "620a46630b17630fdcae7907"
  },
  "id": 4,
  "employee_name": "Fredrika",
  "employee_salary": 433060,
  "employee_age": 22
},{
  "_id": {
    "$oid": "620a46720b17630fdcae7908"
  },
  "id": 5,
  "employee_name": "Juliane",
  "employee_salary": 162700,
  "employee_age": 33
},{
  "_id": {
    "$oid": "620a467e0b17630fdcae7909"
  },
  "id": 6,
  "employee_name": "Flinn",
  "employee_salary": 372000,
  "employee_age": 61
},{
  "_id": {
    "$oid": "620a468d0b17630fdcae790a"
  },
  "id": 7,
  "employee_name": "Layton",
  "employee_salary": 137500,
  "employee_age": 59
},{
  "_id": {
    "$oid": "620a46c20b17630fdcae790b"
  },
  "id": 8,
  "employee_name": "Dwayne",
  "employee_salary": 327900,
  "employee_age": 55
},{
  "_id": {
    "$oid": "620a491b0b17630fdcae792b"
  },
  "id": 9,
  "employee_name": "Madge",
  "employee_salary": 205500,
  "employee_age": 39
},{
  "_id": {
    "$oid": "620a491b0b17630fdcae792c"
  },
  "id": 10,
  "employee_name": "Rosamond",
  "employee_salary": 103600,
  "employee_age": 23
},{
  "_id": {
    "$oid": "620a491b0b17630fdcae792d"
  },
  "id": 11,
  "employee_name": "Dannel",
  "employee_salary": 90560,
  "employee_age": 30
},{
  "_id": {
    "$oid": "620a491b0b17630fdcae792e"
  },
  "id": 12,
  "employee_name": "Arni",
  "employee_salary": 342000,
  "employee_age": 22
},{
  "_id": {
    "$oid": "620a491b0b17630fdcae792f"
  },
  "id": 13,
  "employee_name": "Adrea",
  "employee_salary": 470600,
  "employee_age": 36
},{
  "_id": {
    "$oid": "620a491b0b17630fdcae7930"
  },
  "id": 14,
  "employee_name": "Wilona",
  "employee_salary": 313500,
  "employee_age": 43
},{
  "_id": {
    "$oid": "620a491b0b17630fdcae7931"
  },
  "id": 15,
  "employee_name": "Tana",
  "employee_salary": 385750,
  "employee_age": 19
},{
  "_id": {
    "$oid": "620a491b0b17630fdcae7932"
  },
  "id": 16,
  "employee_name": "Tana",
  "employee_salary": 198500,
  "employee_age": 66
},{
  "_id": {
    "$oid": "620a491b0b17630fdcae7933"
  },
  "id": 17,
  "employee_name": "Brietta",
  "employee_salary": 725000,
  "employee_age": 64
},{
  "_id": {
    "$oid": "620a491b0b17630fdcae7934"
  },
  "id": 18,
  "employee_name": "Bent",
  "employee_salary": 237500,
  "employee_age": 59
},{
  "_id": {
    "$oid": "620a491b0b17630fdcae7935"
  },
  "id": 19,
  "employee_name": "Nicolette",
  "employee_salary": 132000,
  "employee_age": 41
},{
  "_id": {
    "$oid": "620a491b0b17630fdcae7936"
  },
  "id": 20,
  "employee_name": "Berk",
  "employee_salary": 217500,
  "employee_age": 35
},{
  "_id": {
    "$oid": "620a491b0b17630fdcae7937"
  },
  "id": 21,
  "employee_name": "Levon",
  "employee_salary": 345000,
  "employee_age": 30
},{
  "_id": {
    "$oid": "620a491b0b17630fdcae7938"
  },
  "id": 22,
  "employee_name": "Franni",
  "employee_salary": 675000,
  "employee_age": 40
},{
  "_id": {
    "$oid": "620a491b0b17630fdcae7939"
  },
  "id": 23,
  "employee_name": "Sabra",
  "employee_salary": 106450,
  "employee_age": 21
},{
  "_id": {
    "$oid": "620a491b0b17630fdcae793a"
  },
  "id": 24,
  "employee_name": "Mollie",
  "employee_salary": 85600,
  "employee_age": 29
},{
  "_id": {
    "$oid": "620a491b0b17630fdcae793b"
  },
  "id": 25,
  "employee_name": "Kimberley",
  "employee_salary": 1000000,
  "employee_age": 28
},{
  "_id": {
    "$oid": "620a491b0b17630fdcae793c"
  },
  "id": 26,
  "employee_name": "Cosimo",
  "employee_salary": 854444,
  "employee_age": 34
},{
  "_id": {
    "$oid": "620a491b0b17630fdcae793d"
  },
  "id": 27,
  "employee_name": "Udell",
  "employee_salary": 90000,
  "employee_age": 42
},{
  "_id": {
    "$oid": "620a491b0b17630fdcae793e"
  },
  "id": 28,
  "employee_name": "Mavis",
  "employee_salary": 97711,
  "employee_age": 52
},{
  "_id": {
    "$oid": "620a491b0b17630fdcae793f"
  },
  "id": 29,
  "employee_name": "Kaia",
  "employee_salary": 99999,
  "employee_age": 43
},{
  "_id": {
    "$oid": "620a491b0b17630fdcae7940"
  },
  "id": 30,
  "employee_name": "King kohli",
  "employee_salary": 1232211111,
  "employee_age": 32
}]