{
  "classDropdown": [
    "Class 6",
    "Class 7",
    "Class 8",
    "Class 9",
    "Class 10"
  ],
  "performanceLevel": [
    "Above-Level",
    "On-Level",
    "Below-Level"
  ],

  "classes": [
    {
      "className": 10,
      "studentresults": [
        {
          "studentName": "Student 1",
          "rank": 1,
          
          "mid1Score": 498,
          "mid2score": 501,
          "peformanceLevel": "Above-Level",
          "completedPercent": "85%",
          "finalscore": 499
        },
        {
          "studentName": "Student 2",
          "rank": 2,
         
          "mid1Score": 368,
          "mid2score": 369,
          "peformanceLevel": "On-Level",
          "completedPercent": "65%",
          "finalscore": 401
        },
        {
          "studentName": "Student 3",
          "rank": 3,
         
          "mid1Score": 234,
          "mid2score": 326, 
          "peformanceLevel": "Below-Level",
          "completedPercent": "55%",
          "finalscore": 289
        },
        {
          "studentName": "Student 4",
          "rank": 1,
         
          "mid1Score": 498,

          "mid2score": 501,
          "peformanceLevel": "Above-Level",
          "completedPercent": "85%",
          "finalscore": 499
        }
      ]
    },
    {
      "className": 9,
      "studentresults": [
        {
          "studentName": "Student 1",
          "rank": 1,
         
          "mid1Score": 498,
          "mid2score": 501,
          "peformanceLevel": "Above-Level",
          "completedPercent": "85%",
          "finalscore": 499
        },
        {
          "studentName": "Student 2",
          "rank": 2,
        
          "mid1Score": 368,
          "mid2score": 369,
          "peformanceLevel": "On-Level",
          "completedPercent": "65%",
          "finalscore": 401
        },
        {
          "studentName": "Student 3",
          "rank": 3,
         
          "mid1Score": 234,
          "peformanceLevel": "Below-Level",
          "completedPercent": "55%",
          "mid2score": 326,
          "finalscore": 289
        },
        {
          "studentName": "Student 4",
          "rank": 1,
          "peformanceLevel": "Above-Level",
          "completedPercent": "85%",

          "mid1Score": 498,
          "mid2score": 501,
          "finalscore": 499
        }
      ]
    }
  ]
}