 {"products":[
    {
        "id":"1",
        "name": "Nike shoes1",
        "img":"/Images/img1.png",
        "description":"The Nike React Metcon Turbo puts stability and responsiveness in a lightweight package ,to help you hit your next PB.From the cushioning underfoot to the rope wrap at the instep,every details is pareddown to minimise weight while maximising function and durability.Lighter,Stronger materials are built for speed and strength.",
        "brand":"nike",
        "category":"casuals",
        "price":2000,
        "offerprice":3200,
        "countInStock":1,
        "rating":4.3,
        "numReviews":2

    },
   { "id":"2",
    "name": "jej shoes2",
    "img":"/Images/img1.png",
    "description":"The Nike React Metcon Turbo puts stability and responsiveness in a lightweight package ,to help you hit your next PB.From the cushioning underfoot to the rope wrap at the instep,every details is pareddown to minimise weight while maximising function and durability.Lighter,Stronger materials are built for speed and strength.",
    "brand":"nike",
    "category":"casuals",
    "price":2000,
    "offerprice":3400,
    "countInStock":1,
    "rating":4.3,
    "numReviews":2
},
{
    "id":"3",
    "name": "adidas shoes3",
    "img":"/Images/img1.png",
    "description":"The Nike React Metcon Turbo puts stability and responsiveness in a lightweight package ,to help you hit your next PB.From the cushioning underfoot to the rope wrap at the instep,every details is pareddown to minimise weight while maximising function and durability.Lighter,Stronger materials are built for speed and strength.",
    "brand":"nike",
    "category":"casuals",
    "price":2000,
    "offerprice":4200,
    "countInStock":1,
    "rating":4.3,
    "numReviews":2

},
{
    "id":"4",
    "name": "adidas1q shoes4",
    "img":"/Images/img1.png",
    "description":"The Nike React Metcon Turbo puts stability and responsiveness in a lightweight package ,to help you hit your next PB.From the cushioning underfoot to the rope wrap at the instep,every details is pareddown to minimise weight while maximising function and durability.Lighter,Stronger materials are built for speed and strength.",
    "brand":"nike",
    "category":"casuals",
    "price":2000,
    "offerprice":3000,
    "countInStock":0,
    "rating":4.3,
    "numReviews":2

},
{
    "id":"4",
    "name": "adidas1q shoes4",
    "img":"/Images/img1.png",
    "description":"The Nike React Metcon Turbo puts stability and responsiveness in a lightweight package ,to help you hit your next PB.From the cushioning underfoot to the rope wrap at the instep,every details is pareddown to minimise weight while maximising function and durability.Lighter,Stronger materials are built for speed and strength.",
    "brand":"nike",
    "category":"casuals",
    "price":2000,
    "offerprice":3000,
    "countInStock":0,
    "rating":4.3,
    "numReviews":2

},
{
    "id":"5",
    "name": "Nike shoes5",
    "img":"/Images/img1.png",
    "description":"The Nike React Metcon Turbo puts stability and responsiveness in a lightweight package ,to help you hit your next PB.From the cushioning underfoot to the rope wrap at the instep,every details is pareddown to minimise weight while maximising function and durability.Lighter,Stronger materials are built for speed and strength.",
    "brand":"nike",
    "category":"casuals",
    "price":2400,
    "offerprice":2800,
    "countInStock":1,
    "rating":1,
    "numReviews":2

},
{ "id":"6",
"name": "jej shoes6",
"img":"/Images/img1.png",
"description":"The Nike React Metcon Turbo puts stability and responsiveness in a lightweight package ,to help you hit your next PB.From the cushioning underfoot to the rope wrap at the instep,every details is pareddown to minimise weight while maximising function and durability.Lighter,Stronger materials are built for speed and strength.",
"brand":"nike",
"category":"casuals",
"price":2000,
"offerprice":3000,
"countInStock":1,
"rating":3.5,
"numReviews":2
},
{
"id":"7",
"name": "adidas shoes7",
"img":"/Images/img1.png",
"description":"The Nike React Metcon Turbo puts stability and responsiveness in a lightweight package ,to help you hit your next PB.From the cushioning underfoot to the rope wrap at the instep,every details is pareddown to minimise weight while maximising function and durability.Lighter,Stronger materials are built for speed and strength.",
"brand":"nike",
"category":"casuals",
"price":2000,
"offerprice":3200,
"countInStock":1,
"rating":4.3,
"numReviews":2

},
{
"id":"8",
"name": "adidas1q shoes8",
"img":"/Images/product1.png",
"description":"The Nike React Metcon Turbo puts stability and responsiveness in a lightweight package ,to help you hit your next PB.From the cushioning underfoot to the rope wrap at the instep,every details is pareddown to minimise weight while maximising function and durability.Lighter,Stronger materials are built for speed and strength.",
"brand":"nike",
"category":"casuals",
"price":2000,
"offerprice":4200,
"countInStock":1,
"rating":4.3,
"numReviews":2

}

]
 }
