{"data": [
    { "id": 1, "employee_name": "Kayne", "employee_salary": 320800, "employee_age": 61 }
   ,{ "id": 2, "employee_name": "Richy", "employee_salary": 170750, "employee_age": 63  }, 
    { "id": 3, "employee_name": "Dita", "employee_salary": 86000, "employee_age": 66  }, 
    { "id": 4, "employee_name": "Fredrika", "employee_salary": 433060, "employee_age": 22  },
    { "id": 5, "employee_name": "Juliane", "employee_salary": 162700, "employee_age": 33  },
    { "id": 6, "employee_name": "Flinn", "employee_salary": 372000, "employee_age": 61 },
    { "id": 7, "employee_name": "Layton", "employee_salary": 137500, "employee_age": 59 }, 
    { "id": 8, "employee_name": "Dwayne", "employee_salary": 327900, "employee_age": 55  }, 
    { "id": 9, "employee_name": "Madge", "employee_salary": 205500, "employee_age": 39  }, 
    { "id": 10, "employee_name": "Rosamond", "employee_salary": 103600, "employee_age": 23  }, 
    { "id": 11, "employee_name": "Dannel", "employee_salary": 90560, "employee_age": 30  }, 
    { "id": 12, "employee_name": "Arni", "employee_salary": 342000, "employee_age": 22  }, 
    { "id": 13, "employee_name": "Adrea", "employee_salary": 470600, "employee_age": 36  },
    { "id": 14, "employee_name": "Wilona", "employee_salary": 313500, "employee_age": 43 },
    { "id": 15, "employee_name": "Tana", "employee_salary": 385750, "employee_age": 19  }, 
    { "id": 16, "employee_name": "Tana", "employee_salary": 198500, "employee_age": 66  }, 
    { "id": 17, "employee_name": "Brietta", "employee_salary": 725000, "employee_age": 64  }, 
    { "id": 18, "employee_name": "Bent", "employee_salary": 237500, "employee_age": 59  }, 
    { "id": 19, "employee_name": "Nicolette", "employee_salary": 132000, "employee_age": 41  }, 
    { "id": 20, "employee_name": "Berk", "employee_salary": 217500, "employee_age": 35  },
    { "id": 21, "employee_name": "Levon", "employee_salary": 345000, "employee_age": 30  }, 
    { "id": 22, "employee_name": "Franni", "employee_salary": 675000, "employee_age": 40},
    { "id": 23, "employee_name": "Sabra", "employee_salary": 106450, "employee_age": 21}, 
    { "id": 24, "employee_name": "Mollie", "employee_salary": 85600, "employee_age": 29  },
    { "id": 25, "employee_name": "Kimberley", "employee_salary": 1000000, "employee_age": 28  },
    { "id": 26, "employee_name": "Cosimo", "employee_salary": 854444 ,"employee_age": 34  },
    { "id": 27, "employee_name": "Udell", "employee_salary": 90000, "employee_age": 42  },
    { "id": 28, "employee_name": "Mavis", "employee_salary": 97711, "employee_age": 52  },
    { "id": 29, "employee_name": "Kaia", "employee_salary": 99999, "employee_age": 43  },
    { "id": 30, "employee_name": "King kohli", "employee_salary": 1232211111, "employee_age": 32  }
    ] } 
