[{
  "_id": {
    "$oid": "621dfe8f95a3db08eced6000"
  },
  "Img": "/Images/img1.png",
  "user": "621dfd7e7fc4fc51d4ad3770",
  "Name": "Douglas20",
  "Price": 48,
  "reviews": [
    {
      "name": "doulgas",
      "rating": 5,
      "comments": "hshshsh"
    }
  ],
  "Category": "zavier_Fadel",
  "Description": "Gianni83",
  "CountInStock": 37,
  "NumberofReviews": 35,
  "Rating":3.2
},{
  "_id": {
    "$oid": "621e0a8195a3db08eced600a"
  },
  "Img": "/Images/img1.png",
  "user": "621e097d5837871f94d4a0fd",
  "Name": "Audra.Heidenreich",
  "Price": 63,
  "reviews": [
    {
      "Name": "Rylan_Hand",
      "Rating": 38,
      "Comments": " Cathryn67"
    }
  ],
  "Category": " Minnie_Flatley52",
  "Description": "Llewellyn_Auer",
  "CountInStock": 46,
  "NumberofReviews": 35,
  "Rating":3.2
},{
  "_id": {
    "$oid": "621f3a0fb5d09819988e533a"
  },
  "Img": "/Images/img1.png",
  "user": "621e097d5837871f94d4a0fd",
  "Name": "Audra.idenreich",
  "Price": 63,
  "reviews": [
    {
      "Name": "RylanHand",
      "Rating": 39,
      "Comments": " Cathryn67"
    }
  ],
  "Category": " Minnie_Flatley52",
  "Description": "Llewellyn_Auer",
  "CountInStock": 46,
  "NumberofReviews": 35,
  "Rating":3.2
}]